model_uid,x,y,z
a049baa005da476bb7ffe1df5e6b4f78,-90,0,-10
836630c9eb6344878f5b3e72aaa37f8b,90,47,0
77d11d8ec01e424e829b9914c388b0a1,95,45,0
c9c8bce4d27a4fef88622682bf2741b1,0,10,-135
991d3fd5aab643609819ade2a1df1eb2,-90,15,-5
89fdc50c378c4b8ea4348f673318a179,-90,15,0
f5a96c73c0eb49a1b787ae258eb02891,-90,15,0
ab333c7e6d0f41cbafbbc36b634488a5,90,15,0
fbe2776af5f44d83bb32e6633d151178,-90,0,0
72aba513c29241a3a0843a14dba596a5,-90,-15,-25
7bbe7a566f074896b9cffea1e353275a,-90,-15,0
036abe36af224e588d3f573f44c24ab3,-90,45,0
3af9453ca5694a3aae66a05f27d94881,90,90,10
c7c762e635ab4403b7363860665009ac,-90,0,0
07ad36c0658e4eafa91f0137e49fad58,180,0,10
5cd861450b544fccb7ac3ecf525afadd,-90,0,0
c5374274b68e4d338880f6d7ac79e062,-90,0,0
d9fa455509ea4bc4b9acde9b7d20df14,-90,0,0
ec08a45c7aa74ed4945827c47912b0c4,90,0,0
bc99f1acf7764a91ba6800864c6124c2,-90,0,0
5e39b7649dc4456e9b911059a3c4c0ba,-90,0,0
ccdf0d3aabe6468493c5b87e29a10bef,-90,0,0
903905eb713245efbf1769456822fa5c,180,45,5
bfae6fa9a7f64b9eb16f57c05553c612,-90,0,0
2cf72e290a2e4849841df9d29905911e,90,0,0
4dd0239e30844be5a9dffdcde2bde844,-120,0,5
74b5c985f7a747fe9863f3b5f977a056,-90,0,0
1661929dfcbf4a829b8f81512a767f92,-90,-45,-5
663fd55d530c4f1abeefb92b7be45502,90,0,0
09b62c5be969464a99a58eb5160e3122,-90,0,0
5c5c3b9ae7874b709c10ac57dad33195,90,0,0
fa6cfc147c1c44ccb014e5c29cde27c9,-90,0,0
87e986b6a3784421a82b86f9a0977183,-90,0,0
826eeb384b644d278e78c802ac59fbc3,90,0,0
ad1c9d8e81b04e13bf4220675337f04f,-90,0,0
7d3689df8ca74f97a0bd70c3bc8f7619,90,0,-5
c65c0fae7d0e4bbca21839fb00dabb0f,-90,0,0
e2aba8bd92fb4247913614058408e4e8,-90,0,0
7c2fde254a1741a6b2b99d8d2adcfd1c,-90,0,0
40c79ef7dc9c466da86c44851103dee5,-140,0,10
e2ce3cedb2d144508564661251dff30c,-90,0,-15
0a17eb9617f04a7bab8fc04c57f2391f,-90,0,0
7ea7613e42b044e8bf80af283401a775,-30,0,0
af5d21db39474e568712858ee69365d2,-90,0,0
620b812307624ef08c32720b068b0bed,-135,0,0
e747b293687d432fa0604cf4473a6130,100,0,0
66d7fc023fcd4e38870fe3599a218454,-80,0,10
281cd05065a9453ab110fd14219472ae,-90,0,5
9d35c551ba634408a3178554dde9db6d,-90,0,5
842045cfa6a04652a207aeea174c236d,90,0,0
2fcf10ea5ab84a919f153a2ccc6c104c,-75,0,5
d5a49ae5fb044aceb74a79a026e299d1,-90,0,0
97c96e278ffc4da394d65151156018e0,-90,0,0
844e310df5c3443cac8c89258edc7420,-90,0,0
7b8960be837445b288627f82e7d2883e,180,0,5
50bf63cd76f749e18716013ba18c7b2e,90,0,0
14349bdc28524152bfb8ac955875ffee,-150,0,0
88fa6b0f57c7435f95a8ced0f2754db7,-90,0,0
82a8c50900714a6e9a479603b729e745,-90,0,0
1021e67cf82b48e2bd773f55605d858f,90,0,5
786b42dd265e4a978d982403f8d99a28,90,0,0
7f4747bf4d0a4368aa257c1c76ecba48,-90,0,0
aef71cd859c44af8b45bbfc668fc22fd,-100,0,0
0580c3a43e55483fb154d70d1ea42973,-90,0,0
6eed06fca0d94de984c356fa912bf336,-90,0,0
9ce77031ac2d4072bba9f0f984f841df,-90,0,0
fef04f8c85184135b5cf692849476444,50,0,-20
3b2ca38b8ef94357a47a9b02d3007435,-90,0,0
8f73cee69ad34b98addf6915413d4f5e,-90,0,0
0be4abc5aef7421c9998ed98e8942874,-90,0,0
58e99668cfd84861bc5069a991f575af,-90,0,0
9bc09a8f9a9c4d64981bb8255f18fbf8,-90,0,0
4557680b99ba444c9217aaad943a61b7,90,0,0
16359d2015de45728fc617365427ab43,-90,0,0
e34131dfedb34648bf0c928f9c2dc765,-95,0,0
76f76b249f3743ec9419119b5aef46b9,90,0,0
cbca2d8dcbd846bebeed4fc6c4160eca,-90,0,-5
4b9e16d8c9c84bc08a0c1139785f6fa7,-90,0,0
5dae25e4bb844ebdb4e632e636c8d2d3,-90,0,0
e94d945b24034aa0ab9f968155bb6f76,-80,0,0
0fed33f3416747f6a022f1a5c6313c1e,-90,0,0
f8b3d867de194e6cb587c89d54ed8f0e,-90,0,0
255ea8cbb5714602a0fa30582b4d5c37,90,0,0
d83ac6b3a15b48f19e5c32fd4134435f,-90,0,0
ecd6818cca54428cba27ec922eec1f58,95,0,10
713098ad352840ad847236d6a3d1ce0d,-90,0,0
415b4b4dad844ac9a9023ce0d1cb161b,-90,0,0
35b0807808b94aac8ff98adf5945ba4b,-90,0,0
784a7ca4a0674bce8ec62cc1f61f2490,-90,0,0
f87db4ec91bc4ea4a9a95a5ca1eef66b,-90,0,0
32163b59856143428294cdfd027a0cd0,-90,0,-5
22d83d2009544bb3b3ed7cedfbe60a18,90,0,0
c7df0f7671d34fb9817d37067072f9ab,90,0,0
27acee6817774e3cb2cb2cd50e0a374a,-90,0,0
b2231d7c008140d5a6ff59adfdf564d2,-90,0,0
8fbc614adc794ddbbf7a44f351c94653,70,0,0
3cc73d209f1649f49bb6c088ad121608,170,0,-25
36e5d690f07f4487b2715dd2fb4026db,225,0,-5
5de591d9e5d84e90a838fc411fdab963,-95,0,10
793ca9f23c8e462eb8bd89c697b4a1ae,-90,0,0
dcccfdc3954d42eb8565ed651b8929bb,-90,0,0
fca9c0e7606847d6939f949b10f3afa5,-90,0,0
32488a5c8b6146c4a94f98cefeb718b8,90,0,0
76207fc6c5d640df8483d256558b580f,90,0,0
cd87765b340d423887abfdf29ad11b32,230,0,-25
8145be70002b485ab040bc3b31244b43,-80,0,10
5db30cd2846e49fc9b9670ec5e42d7b6,210,0,0
cf7a8ab10c4f4cb28e77d4866cfce11a,90,0,0
65e992e1326c4615bdada49b02005e16,170,0,10
9d352da0bc764b79a118c6a53aee4599,-90,0,0
290e5dbef39f4dd289c93a2af4cd4ff2,-120,0,5
00448ec0c83b4538a85a8b783f72dd98,-105,0,5
7d2737e16fcf4d40bc549521ba6a2d02,-90,0,0
c02fe83990f24260b3bfc4b0f9bb74d9,-100,0,10
cc4ae96b60524530b1f4d7728366cdeb,-80,0,-5
faf5e9d775a340019603d5868b77ef1b,90,0,0
7e9e5cb85b534a70a6371b9b1ca8fcb1,-90,0,0
4f58ca0df18c42b59d5d761891b768d4,180,0,-5
b12fcb929ee043dcb0770ef32012d7d6,-90,0,0
b4371e6cd06746ae99da2723488a1428,-90,0,0
295f55cfc08f4252955bafbe15a67a4b,90,0,0
6e0fbf15ee104d888fa32411c768cd34,-85,0,0
9eb9c1f2c2ea4c5ba9e5e04ac7e636ac,-140,0,0
9d815a629846462a8107baf936ee4e66,-130,0,5
7adfc1c94f4c483fb2337620e5fe0f79,-135,0,25
48204b04075b4295adda55a913fe9b3f,-90,0,0
a2ef1e945e8a4d5b9b6425c96083a3b7,-90,0,0
e3eb88143d0b4e039bf7a21fdac2e4b1,90,0,0
a5fc673f17c947bebd3c44ee181cabc4,-90,0,0
b4f97bfa98234ac58b2991d6ac0a18a9,-90,0,0
795ffc209ab840f79395239a619a332d,-85,0,-12
8b16dc8f657f4132a4e150c85cb04c2a,-90,0,0
6d38fa5f96d64b158f3f0fa11187bdf7,-90,0,0
dcf2a90be4934800b8ee316723a9ff4c,-90,0,0
e06bceb2b62f444794a5d8030ab70ecd,-90,0,0
498cc597ea26402dab17dcf405a82ce6,10,0,-5
e4f4f433c23b4b028dbd01536759d522,-90,0,0
fdb2cbc1bfa44013ad92447663220efe,-90,0,0
8d16343b2f4b4184b57a86793ea3b97d,,,
221e2fc888b04bc587aabcb709159e60,,,
9605b2b278774b5bb4e486695e6d920a,,,
421a6e8ef6644c6880ace887c9dbfdd9,,,
7cc25b8ed0374a0592df7968fa1f0087,,,
3a8bfbb543904e95b70f97d5c0a3b125,,,
3a8bfbb543904e95b70f97d5c0a3b125,,,
889d114ac498488bb074e67bd6e9165e,,,
be690360e1e944bf994f742de184c655,,,
5ae37b4d106f47b2befe24634fe2bbe0,,,
4774474760bf4aad80568195d6f2c63e,,,
1a50b0867873481681109c8f924df0a3,,,
93e565159eba4985ab50c53bfc90a9f5,,,
2f132a824bdf4ad1be432fb036243e49,,,
c1c0a8fbb8304502b79e31b2224daf01,,,
7fb97ec39c0549e88fbd309c6808e564,,,
7006cdd8609a4a9282fb5325a2a38c03,,,
1059e7b781c14e83a6aaf83312c478bd,,,
5776244620f14d8fa923b96a8cfc4484,,,
043a29843dc0421d90eaba9332764c1d,,,
2315765e36ff49ff88d63abe03610c7f,,,
591a76b35b094562b9dec8ffa5b77387,,,
dfaa706052f34a089bdc4bf5f0d3f43c,,,
de132c5043d74403bc4654d72ac04f0b,,,
dc95731cdfee4b3e9d19a647ffd4ed58,,,
1f180101e4b542e4957a3c32c46680bc,,,
28e04e95351c44d0a61a0340fe2364ae,,,
1b2f5353c6fa48609747059f7360470f,,,
81a7f77e245048f89f0eff3883f097c5,,,
574c2893df004b27a9ef344049a2ca4f,,,
76d7c3492b0f436cae3f0de9996b58aa,,,
b47b0158ae6c4512b4159d892a65d81f,,,
a391b891ab5b4d00a137e12d6000fe0f,,,
c466075e60544f7dbbe783ed21b5c79d,,,
5181197cdcea4f69b919865aca3d3fbc,,,
b390bab15ff94759a9af7b30eb036ccd,,,
432e8c98f5ca4d9a93294e47322d6b4f,,,
49bdab1714c7405591df9c47aca92cba,,,
7e50bd45750b4b64bf22552914935acf,,,
637ccd0020b3493b94f9efdef354bc34,,,
e32e8129f48e4547b8bc988fdec22323,,,
881e556f0fd040e89af0ddce29010029,,,
79517e72e5a049638deffbc98f3d99ed,,,
e3f1f19053be4485acaf59e4eb52b83e,,,
d258b1f1872d4a229b0f5e556b0677d9,,,
5ad12c25507246fe9c717dc44e7a0f17,,,
e836bfa3baeb4aeea792019ce0e6d97e,,,
830ce6dd40064364b86d27cc4b89b1b2,,,
2b8ff29d76c345e2a574a76496921047,,,
9f9f1f30e04a43c08e19bf2fb357928b,,,
b81da2f13cc74334bb571c471a15c50a,,,
7e4deaf733de47279487e3519dcb39ad,,,
1a77cb11bd7249b7ae1f063dce247c2f,,,
dba61d5259204d6dabd5455ba22a9f86,,,
154a6d5a1c004489ab92ffb5bcf86f46,,,
9e4c73d924914de9a46e6a08aa8eabb4,,,
22adead908904b1da3dd998a8741be05,,,
ca968186ebb1429293b084fb04e0b5c6,,,
c948b05a704647b692749baebf11710d,,,
8d9ccb5816ea45cda29b7292430de834,,,
c4541cdfbb4a4d1a91d7f3b6a95d7a41,,,
a36c004ea55d420395e2952ccd01deaa,,,
646343f5c77940638a67484d023e6854,,,
25b3a8e5ed17496fafe617a35facb2d1,,,
a1d5b46e004e4a0cadc3cd628f7cc2e9,,,
0d05190ca8a147eeabca496d708f86c1,,,
f200da8b97f7416db524e88c6a9e3225,,,
47f770f7bad94bcb9eb923b849b3eb07,,,
4bed07d2e6e941a291adf01cfd4bd492,,,
3db4ac2a2f7a4e9795bafb410efc5b7e,,,
958975e0374b4344ae5d3f91a4b67fba,,,
7f8004fe5bf2480e836011ba70d2c423,,,
17233066be654ed689f3443154141374,,,
782cee3d2f824d2b925538b5d67778b5,,,
2fc0dedd62264f7780668da2490469d6,,,
33dda0d266df43f98145f728f6f49291,,,
12523f8dde5e47cd9ed49d2900d35dc8,,,
145b3c837f8e4787a35c822dcf9b82b7,,,
eb65dc8b40bf4b88bb71bb95b18a80e6,,,
5cd618ce407d4752bb755c53b8f86f9a,,,
d6fcfa410dfe402ba412cc7abe756cfd,,,
821f57d137454002bc0211d5ee58b6b1,,,
156364b54cfb45a58b88431b6c8ee6bc,,,
b9055360cf9a486a8e320ef66e58b811,,,
406e976873e14059bba1a7e77254d22d,,,
fe6a6e9cf17545179f8c6b81e5499b46,,,
2a145b57f3b84f75b87d210296aa9726,,,
25534804aaef429d9430851b709ca289,,,
a5b29a29005041dca3d8bfbc8c57c7e2,,,
4c73be3c326942b1a7fc5125f6fcfa8e,,,
6be4516021f145eeb197233794449cbf,,,
c65d2e46bea1435e9f181c355cb75308,,,
f7615bf3f44d4347bdc318d45b1bba60,,,
49a289b32d064196968c61ec07e1f81a,,,
374b709839644bc382418583b0dd906b,,,
4b6901b1357f4d7ba4801a15552cdc38,,,
2cf8ef623f0147949971e7fde49197cf,,,
a8105f496819446d999a466a274f960f,,,
3a7344b6c96740248844b150f2b6f9dc,,,
40d9ba7347e542d192077ea13301025b,,,
e0d6a27616724ff08604da137390e853,,,
72e529836ebb4ec7b499993c12ad4858,,,
6724e5968894459286a18f6d9caedde4,,,
68ac656b32564697b536d3fe75f68357,,,
90ed2b7744134172bc8a24e37431ad39,,,
fd77d71d43da4f05b7d9adb5672b0481,,,
e158531b92114958be372dd4bae6f772,,,
621be7f4eeeb4bcdabc8ecccdc8f0ee4,,,
8bd34787c6794d798812e6cba67615ea,,,
cf2510e1aa50468a81e3b19bb28f113c,,,
5e7ffbf292df4cbe9c6213db6ce8d7b6,,,
1676d953ab8f44fc9af723d8e9258ee1,,,
21480103f9f44a52a5ee8bc37fb70bab,,,
7a48fdd607cb48f79ddd815f5c0ac895,,,
339b42b5fe684ef9983434c5a18861f9,,,
8b9e41ca7a11402782b74f25b4377fa4,,,
1d24816602d943d1ae46f8df0bce9f48,,,
45bb173c0384450487421b687bf3bf5b,,,
ce3d838a80b54c1d901c47f23acbbbbe,,,
18336f26bae84113ba32d714a91a464b,,,
247427e297e94543a85e1362e6f3ddd8,,,
8ad89c53dc9842bfa7f623da25a770ae,,,
de0270387cd644379ca44aaea41bdb48,,,
01e66f0d11bb481b8197a928e220821a,,,
68bce8b71469439790e77d1e109c84cc,,,
a0f40e7cb60b476c95f11205ba844eb6,,,
26e7425e03824753809f9a08c9fce951,,,
776d9405f4a14b0a985702822bd03aac,,,
e776cc1b82d54420a55e924510c027c5,,,
85785f16eb9948a98b9e0873dc4019cc,,,
43832692129a43ba9c5501cf627de61e,,,
3acece88030a43b8bc4a0adfa051c658,,,
e194baf2a9e74ce5bcd212a6ac82aa76,,,
9a496608639b47fba3bf87f3a1eb75b0,,,
469ae12854c74a2399f5a45aa87a303b,,,
8b5ebcb4bf90407d9d0ad9024488e5ae,,,
2e42a108cee14fbfbda4e927f240ce5d,,,
ca2e1f81145d4e7aa46c2d301b602b75,,,
9bcaaf3eb5c948deb8b91a281ea4fa38,,,
f56b16da42da49de8077499849c323c2,,,
6aa09226007e492c9c2df52ac928c075,,,
56dccb62700a4c04b42646e060c087f5,,,
7275b87bbc39419a94d6f9e70d9aa230,,,
d55d89f11cf246acb28b671407c816cf,,,
4fc93b071fba4682991ef64b9c31a13a,,,
9546d0e5a2e14add87812f69aa3ad233,,,
1b1519d76bef48bbb8dc34de9c6188ff,,,
c6f348acd95d433bae4c9bcf19e1b36e,,,
23a9c34da8304e9bb4c600bdea55c97f,,,
f0c291951eb84aa3bf928ab1ebed7b20,,,
47f5275362fe46bcad8b7627da3e71ae,,,
0edda3f1c326402f9143465909613da5,,,
2907f8021cc84ac1a0119f0b357b7be6,,,
5c05f2decc8448a78bc37e454b561fa9,,,
ef53e15fe70b420f9d450b44643250e6,,,
ee198261770a4781866791d1f5138843,,,
3c21ab47912148b18d17e138b5188bb9,,,
a9b8151364714c919f758410e4a469ce,,,
637c311ac8c246a4b25603047666732b,,,
7310a52cf6fb4ffda93b97fec2ea1a8f,,,
1d02b3468d964cb9a7083f1795f6dd1e,,,
4eff4e5de55d4e6782261105a78f952a,,,
33c43f7f7b934ba4b04052c91c387978,,,
2f716956ff504963870d962aa58c7164,,,
607228a496f044f886f30fd665896905,,,
8d18190e237d4c2d9b9da8baad0ede25,,,
20829a10c11b4392a81c35caa2397abb,,,
f3cdcfdc3e084f208d95544515ef1750,,,
3fc0247818a948119d81bab57007cd98,,,
8311b1bcb27d4313aaa46381a13fd8f6,,,
b6aa8abe518348cb85f9a77f37ce217a,,,
e9670b35612840bd92354dd8936d3c6a,,,
f424512328914959870dff71eef97834,,,
f5db39ce2f65475192a0b98925361b8e,,,
c3e46abc7c514a949e1c28a64ce448d1,,,
2a6243c813e74d25be19026c186240b0,,,
e998901c394e415193485b2a58bf5b9e,,,
6c558fa5319945f2a40a240c83bafaa7,,,
bb2d48b22c0b4b3d9e97d3022570953b,,,
bb2d48b22c0b4b3d9e97d3022570953b,,,
59f804616d3a43efb1c01c5e51d84ec5,,,
0828edb5a3ad4e729f0153eda9f3d073,,,
ca73a5ca3fcc4c8394d57c7df4e783ae,,,
102a9c72450c4933b56e6274e8ad7111,,,
89efdec7fb56437cb4a0c273ff41e55f,,,
576c82e5db654bdd8ae3e06d970a7b77,,,
627b1a6474654ddea11e01e1bbb9910e,,,
547c20ece3e94dc8a30ac221aba227d1,,,
60b08eac30ab40b5bba4acade853d3a6,,,
9825d8eae9184125ab755bfc4222553c,,,
4bfc2fc979874fd9914634fd5a3cdf12,,,
736b53104d1d4d1b8c89f8f1b599dc07,,,
70d5c58250e0483ab12c55efc828a592,,,
fe17fd393bfb40d7a6fcf6ef67aec9f7,,,
88c4938f4f454c56972f6525613f9cbd,,,
c0413a9a25144c908e9277633df66cc2,,,
4e9fb8267caf43ef891acd317854f4fb,,,
01bbfc3091bf4daf9f60264787726cde,,,
67a84cb558274bbdac21230fde58f6d0,,,
15c92479258d4b83b1c0c23d04f77326,,,
0b0079b036c845139d5823255a34da7a,,,
8166d9cb8a4d4608b840cc8b553d4692,,,
54bff91cb8304713864b15259aeae229,,,
e1d20555f3a045f88a1b6940dc5c1ec1,,,
b013c75fd33e4735bbcd7e230b0db8fb,,,
e8a3b0d982ff4898a016fcf9f00111cc,,,
3088833906a748a8afaaa4351bb2310e,,,
8d3ca77ea22040ef9f778572cb0cf0e0,,,
c6203861c3ba4b9e92f75470ede2ebd1,,,
12c9673ffcc24be1ada1f6a71e45ff38,,,
639547fb5ed2488da9899a85f806c429,,,
87a36072478847fdbc61dcad95852b21,,,
da8fdb9a98f94f00aef520440d1776df,,,
83fee34c733840aa9450e8f6ea846047,,,
3c4d87829aa144d3a5e9b2b919e07770,,,
7b7f592996264d31b094ea795e336d15,,,
9da98a4e80d540a991d6298d7d3da23b,,,
bfbc0d925ed34094a025ff64cb89eff6,,,
d5423352d0f3434c800f64d4d0c5f9a3,,,
f010f238a67043a48532a9072a9a00ca,,,
86d70c1ffbdf4beeae1278bf1ce16644,,,
eb5b12b94d094e94ba6eb2e915b31383,,,
69ce0dc114c143c0a4cd6c3e53b68c59,,,
e12ab98f38024d20a1806bf48ce7b7c0,,,
1987ce14be394ec88f2f456b15cec6cc,,,
3fc45a12ba584f9b8b92346a33c3b1b5,,,
c44ac768e7304df58ebf13ba4c6eed11,,,
26da5d701a1048bf8336c58a3e92bbf1,,,
ce27e8b775b9400ea0b6d683d0c0d535,,,
232ed0b08d2a41708a8043b5beb93168,,,
fdc2d6ec62f94604b643cd18d84ccd49,,,
45c7ba6328e14e299f72e2e3ae1465e4,,,
976752c44c4542c79e86b1d172531ede,,,
e787c223b9a9468287a8e6fae8e0d4b0,,,
5e2b34b03faa40d3821e53b11929c0fd,,,
dffb4668110b4aeaadd7e010a936ba67,,,
d4f8d9e1c21c4eac81af75f69a31bb17,,,
6c97c64c98fd46d886c607b7391ef21c,,,
e594403ddfd74f8581ec98cfd3f02347,,,
a3058e93abbf4119bd3e8359236844f0,,,
887e03f4d4304e338e8013dd8a2d9f7d,,,
4908066efd5e4b24b939584e39199f0a,,,
ab5cf0494bb948c1be0cc15e3e70ba0a,,,
77dae0b63bc54ef9b2bb1b46e63b400c,,,
a9afbb69a660436d8685fa8efc48ce46,,,
9a887a5c191f471d9b4b4eeeebf3bcac,,,
54b54b88be0c472e8bd5fc9bacd4a470,,,
43146bc5d3fe411188637863bc64fade,,,
b311d10cb9894a6db1dbdfed911c3c37,,,
ed5f0f81d9e144028ad0d91b1ae2da2b,,,
6f9df35a17494b5fa03f24bd64462f3b,,,
283539808aad4a618c9acd3d6c2ffcc1,,,
58ff25e5d1a548389369e35cba2e1b81,,,
ac3628478f6c4042a16e77d6753fa413,,,
70d3356991ff4b0d87eadc214c12b5ef,,,
673e3474c582434eab60687f56e7ab70,,,
97a53f0903494d509000b8e9f56aaf16,,,
8251eb62ac044f77a6b64b198f1f5fd1,,,
eb1260edd8e24678b6baf9e0dff13304,,,
ab841d5edb68457a99f1fbb6534cb382,,,
1a6460dd31ea4223961793aab42bb53e,,,
536712f214a44ed5a9a45abee1055ef1,,,
301f5dc1ce8847ac88af53d7a8330847,,,
52dab33092fb4666bb4a048c2716d8f6,,,
a7da2d51110d4242bf1e01a04a764e72,,,
3786596378cc481eba9c3d72ef9caf14,,,
ea3ad17c8904478ba5fc2243ff9fbba1,,,
de732d534c12472ca05812ff89b21426,,,
7d56a87d004c4ce48177a8345bd70710,,,
53151c5a3f354a359002f140a54e588a,,,
0d04711ead174db8b32a103cc7c49ff7,,,
14b820d348864c59827bdcd3708b5e8c,,,
6038b55999674a22b00dbeeff3bb6637,,,
30b0d6ede5c9436bb2f5ee1f6e668720,,,
4de5e01d5c46492bbc619a77e40409f6,,,
637d778d7c2845a2bbafdf924b8c7807,,,
dac4d902e9cf48418fc372ff91c0ee18,,,
1370b7e012ae427ca11c6ca0a7190871,,,
5f719b4dfff64f79b88c327db528a9af,,,
46029c10da9e48da81894fac35ee1546,,,
56cd831144d941efac5cd3184c7e5a4e,,,
fcad8c1f52ed432daf2e31379a3fa1b9,,,
0e2b78874f8341ccb8b66457b6b63fac,,,
d90e3ac774f34379b59305365ea77ef3,,,
d8a86703f43b45ce9b7177f392fd6809,,,
af23aa233b2d4f46ade3f6a3c4e2f561,,,
0193236416594a32bfbf530ecaf48075,,,
ce3911cf2bef48c08acd48610eac7656,,,
be1097ee532b47c29407f22fac9be7b0,,,
7ac3873f8eeb4b2d82ad2f16c6b5c688,,,
f24a7c9a1a9e4290a8fde7c82732bcaa,,,
38c5ccef610d43bb9dbc6ba7bf0b1f81,,,
bb776e09e59643f0babe0231b16378de,,,
53637bc9e6d046e0be76d3d0f6ed9ce0,,,
c2e090954e7f4ae98dba7ef28eafed25,,,
fa7e30e2473f4a64845aa75a5e240cea,,,
3de30ac47ad944708217ee4e06cd15a6,,,
1889d6a1b6ba45adb3e17d833af0d8f7,,,
a7879aa7e83f4bd8a9878e6bc28bb230,,,
57626ed78ab74ab2b0bfbab04a47ee9f,,,
2d58fe045fd74b1f88b12c5f6a425127,,,
80f490c3d3dc463da4423d4fa374078b,,,
a8872c5d2fed4288bc6b35c516c24198,,,
d51336022eec4ba49bcac29eb0871fa4,,,
9ba88f584c68454fa8a5dce03dc762d2,,,
f38ccd108a2549cfb2e4caa9c2d1fe45,,,
5395764fcc9c4ad689c00e785e48c03c,,,
54c5a5e45c274d70b57619df9879c9ce,,,
19160759a6cb44cf9cfc815c2dbafa0c,,,
81286861e2ba4fef89dca309cfd0c1b3,,,
cf6005949c0f44a9ad90961b9d0fe00d,,,
4e6a3e500fbe42478938f7a2fdf514d9,,,
6e3afaee44d04a268a9a3537f9411f4b,,,
159c37f74abc4d5e856d505e315c7765,,,
2a4cae09aa4e4a63b32aa244b1e38dde,,,
a890e5498d0f4f388ced88da3f6ddbef,,,
9ab87ffe92f744b1b0f11cf4511416ab,,,
43cf79013f114f0c854eecfb086fe8be,,,
5a9fb8b9a5f246b7a7a46c392f20c50f,,,
a5424e31066c499f952540f44ba3c9fb,,,
c6bb488cd2ca40808b8addbd31a1344a,,,
045f8ff967db4e59b1ea72f615e274a2,,,
1bfd7be327824cec9d8dea6f66cb3117,,,
9823d08642dc425ba415a7ea02107124,,,
bfcfa9cbb3dc46a0914abed5e28c481d,,,
db05df0982ea4109a18831b539e3b41c,,,
a015121e452a489993ca2423f33134e4,,,
ebd40b3a66934aa69d847b8e138ab752,,,
b2c2d4fe18cd4ed3a52d0ed5436c8a7b,,,
18e04c20160c4e3faf255b0e0398bd29,,,
53b0ab3c4dff4523be034f3cb706605a,,,
8f504dec973245fb8f81f968b76f1a20,,,
e600b255d20247fa84a8c0df2ef6453b,,,
cca48579ac734c0aac2fcb857dbfc308,,,
ac26017ad8644c248424e3e3b000be97,,,
a46d06f66082452a9e550a703073c562,,,
683b5475dbff4e7cb33621b419863291,,,
80fbff48c2c34570a510d6a1201e1c71,,,
242d05dd901b4bbba47c04a2b762f908,,,
6d8cb219ed874d028360a80b6363838c,,,
994e29be1d55484f846b528ee6e5d653,,,
ed91875db8ba418485cf52af6619669c,,,
3a794ad2c7254a85ae252f8a5cd9c229,,,
54c5114b35b2473bb5aad0d0a0aaec06,,,
6dc1127c0eba4c60a5f23f01bb2e89b7,,,
cdd998cfcc47461cb3e40530a786afff,,,
53ac11fc6728459b90a89ec0bc95cdb2,,,
062943f3da5d45eca2ee3d40a1b876ff,,,
2545ce0624b44c9e946e5b07bfc0f629,,,
27e6f055778a434392153f9248315a23,,,
bd55c4fc5f6e47cfb3adbb465bc3d716,,,
2f9734b9fba644c6b675145e750420e0,,,
0e530feed0c9468eb89b561dc806a73a,,,
848b4a7f96b64ae8a65d68b4ecaf49df,,,
0dd6c5f21bb0425db9456b0751abf300,,,
5aa261502571499397ec27516dc154a6,,,
8dd733c2c24f4fa0b95b57c2519eb3aa,,,
756636db0e01463b9692d3c064f1037a,,,
fdfc02bd318c4ff2bed3674b19048706,,,
6f31beeeebf742cc82ea8db85ed4db7b,,,
f92dc128139b49aa978df533a37b0292,,,
4bbdd5346c6e44209f637dcf15b96fa8,,,
53b33186c5984e6daf2f83411075fdc9,,,
aa4ddd5b5a7347dba86d25d1c494f965,,,
fbe3c9a2a129485dbfc1d91e1c12a4b2,,,
70e2b8675642407e8830d5b157dfb4c2,,,
71651c0b2f5e445580acf2109e52f617,,,
38d84827983b468e88a617ca55d6a9d2,,,
8caa32bc718b4db3aee000e65fd330fb,,,
323708db848c4dadae3a7b7ad0da3093,,,
b7adb8f8062841578a2837518b3b6a6d,,,
d195454655d541288de52b9992ee6ae2,,,
93fb5d18120344aa9f414478c9ddbf85,,,
7268b5993fe2471bb3029be390e4ca69,,,
3a53993b63414200bc6463b11046882c,,,
57d1188d535d4839a690682762a9bb0e,,,
b963f9fcc3574e868274eeafc1211bc6,,,
4fec52a873124837a41a2f4808391f40,,,
d2df5af700ec4942a0d89e29e55a1ca5,,,
ec9bb33226ae40fda02d0a750b4579a7,,,
47a35073dd604c0d8e1cb70ba371214d,,,
7edd79c7145b4a228c5e6ecf7b2b259c,,,
ee546b9e04844637a9a2ff21618462c4,,,
bf37418b507449cc93e9ad9b65b3e5fa,,,
ca027079468a46008a7521eeecf434ba,,,
94678a9cd3584a6daa3d4d4612d30571,,,
6071d09214d944c38e3425d939eccab2,,,
d7d8a69734d942e889f6f175ceb2572b,,,
9d1f20e6707540fabed9bd46cf346a77,,,
2866598f23dd486ab03d203518c59638,,,
70e1eb3e0c82470180c949591ba94148,,,
ec93c53a80d749c69e4a109668410f94,,,
cda570a9a10e43cfbd0ef0ebe94c0eeb,,,
6d5a9f11ca054b4fb58ed2f5e8c254b2,,,
5aa7a548d1d94064ae20b827a106efd4,,,
be2ee7d6271d49ef809ea58498269460,,,
47e5e5207f144f919f8c5723d9bb024b,,,
7808e25e62ae458db8cdacfe8fa3b4f5,,,
17f1b5859ddd4e5190a2d8eea1a2b503,,,
77501bdab43344d08fbb2d0ffff3f62f,,,
e494db96f0a646e8b073b07cf1619c68,,,
2e53be79cf464df2bb9fa409b74b325c,,,
163602debda546718d15cdb65d0dd7e8,,,
aa2f46f120f54e8ca88438a2b442bd99,,,
840614e6acb5474aba7b9863d9fdb12b,,,
37e7bbe10520431389479b7ed5bb16ef,,,
b3fd22e17451429aa7799fcdf0233822,,,
7814c8dee5844928ae4e1a174ce66d03,,,
350127629cdb4d4d92e84ca13f2a5b5a,,,
2e87a81d2bb04883811377e5193f3ca1,,,
441530fa6d7f46f785f240ebd19f74f4,,,
e298799a3d5d4b87a15d1d4af52fc2a5,,,
d6f32f41794a471e9daadf8963b7f8d2,,,
0070ae6609fb46d982af4d6a488c9f41,,,
84f96bb4f01f4e7795611200ca83b3b1,,,
2b89916296fb410bbc8a554c3001354b,,,
068aff6df82347f999612a605c94b9ca,,,
a35e345384e94d589a35438a1fcb2440,,,
416b7e5a31b5471da3fbaad489f01277,,,
a9a712338cb34a689401b86b1cee791a,,,
52835b5df76b49498f29099d1208b491,,,
e1fc2e71bbb84cb489bd6bce11979c2d,,,
63bbef8959b241c38772de1df8b8144e,,,
4168ccd16ccf4cb2b57c44c3019c8401,,,
8a6ffb4d6ca54caaaa1e3395b7527960,,,
6884da0de80340dda172f79b50ee2771,,,
89de418fe52b444d9ba4f1b192c7b2df,,,
4528e28e59c847448ed042b8fe5efea4,,,
6e154598596f4626a09d1832a0bf194a,,,
9a5c13f667e34eb995173eb3aa3ed691,,,
e91b136f5105472f9116d8070f1ebfb3,,,
68964a7baf8f4cf38683049541763730,,,
01395fa3a8e54abc8c32a016b2d8c5f5,,,
4fb30a1f26eb4713a2591922a9a93458,,,
7430c094ed7d446081fe462cd5757758,,,
a892a1e8af404227a0ccf2b8f9439c86,,,
df8a5a3f93f048e78a3c26b2bb098663,,,
aadebf00a4a44275b59c3494677c36f2,,,
e7bf494054f545778647321fd9813bb8,,,
7c6f8ba8621d41489cad80d426259f90,,,
5bd3d4d945264e9cb07ab0b3ee0ee5af,,,
bea8514fcdff4074b644c566e31dab09,,,
26716f3953ab42d6b69ea6bb3881c52e,,,
c1cba6019a714a438cc2aeb72da7ef90,,,
edd58d41fe134c8aa0580681f589f7d2,,,
933202b6a26a4a4493e45c2ffe720369,,,
b1c7655511bf46f788c0ef97c4964254,,,
3bfdfca6a3804e5e8eee404621aa3e99,,,
3a862b4fb1484def96adf249d24a46e7,,,
d01e4f0bfd534350bc361a5ac7c67745,,,
6c22e3aa1c864f0ca7ddf6389379e6d4,,,
0e1de6db12364571a51cca1365630dd7,,,
b17a10d026e64d7085622f223cd36982,,,
5d3dbcb46fc84fb2b3bd121cbc01da2b,,,
4ba5211f981e44f9a6cf4d2eb124bccf,,,
39be641175f443da9ef2ab90cb4a80cb,,,
d4f811c1847045aaba1dbbef24322def,,,
9b8c3ce72a0941c4bc26226edd312847,,,
c793d88b6c704fc8b9063143895dbc70,,,
db15ecf695d04d03a466698630cbd73c,,,
579cf3a6017148cda0868e54302e4b19,,,
0e982172e0864a01b280d185af872f6f,,,
300da12b36264fb8b50cb5c1474ed1e7,,,
6fead149f4ed44c58e5d9baacd8ed3a7,,,
7f5e9427ab614ed1ac60d1e49bbf5a52,,,
3011bbef8dec4cc2a0c7a1a98fc5ca2c,,,
1291fb86748d4e0683813656611b0d3c,,,
4ed3b1f4c08d45109989e705d107e25c,,,
8c7931f5c88e40939af298ab6636e601,,,
c29385280e284990a26507683e776cb7,,,
b170b2f26b0241ecb9ec45dd33e000ed,,,
b7d805c4754944bdb89f7726732f7eea,,,
4673ebc6791e4e208ae291c509ff4781,,,
e1713727deba42eea8e2ff134b7d1b72,,,
f11bc04f856c4f5eb5eb0386ac411bb5,,,
d8b67d478db54bd986e903389b130bc5,,,
a24734bdcebb4e75a2d695cc6685a07c,,,
adc0c8563f39434bb95d223c941bfab4,,,
1d8705e2f3c14c69ae3703cfc1bb0942,,,
9a28225a0c5c42018d042383556eba81,,,
f7208bb5a74a498dbdedb61d5064637f,,,
b593ce8cac9147ad8f7352634285a1bd,,,
405984a0224f49f5a892569d4116e4a1,,,
cd6bb83c37374fe9ba15cbc3451e5180,,,
acaddad82b0f4cd1beff9e600884ee45,,,
ea3675fcadfb457f89d7cd21eacdbcda,,,
efcae774d5eb42bfb72db0f7f592cc92,,,
2b03c6ca90b4475fa55a50ed26bd21d6,,,
3a4cae112c3849a18896fd5749ea8929,,,
f7eafeccb45948ac89f314f324e8c3eb,,,
7b5cd8b77a8442a29bc4b354761928bb,,,
bdc1f4f618e64a8e9f525307434d1833,,,
2eb19e5d5452418e8a316480d3f48754,,,
ed2d2effd46144988805c371788aaf5a,,,
221c0231baa04ad5adb6249155dc830d,,,
5fea998ca6014992ad39619e844b0f91,,,
12e79bec5eaa43d3bf9cd371e8e42b75,,,
e9535f56bba8488d8b5d4d5a24a3cbd5,,,
f69f8d976c4c43a6adc49115154f8748,,,
40723734553647b0851dfd2898f07307,,,
2f4cf22818f846c38be0e31064a0988d,,,
86c7f264b9fc4a138209ef4738e04c8f,,,
9f4206514cd542aa8f03665296324fb0,,,
04c53fcc09d14aacb45342005bd1e539,,,
6cfb0e273e8b4db296be3aab4b35bc48,,,
d2793add586a4f4b819f793c2f4a2ba1,,,
fab7f174b696467cb89c949c4ec17625,,,
ea0b673a447543a4b77970939c3acf2c,,,
20823d7d456e4bff81cf956a5817a2f2,,,
db9e2b15839e478e87e8b2ac8685e41d,,,
213260ce96bb424fb702c5c69bd08141,,,
ca336ab638d545f3b0da9ab134d04672,,,
7379a50d82c347f199e4f11ccd4469d6,,,
49b05d94f8a24ea2bbbad0b2894c6879,,,
f85d5f0edd964f8ea71448c219addaf4,,,
85581b13c9f14c34a0e246d8a60263a5,,,
6903948ccd144b378aae4af94529997d,,,
1299ba1d959f4aa0ac35c5925abc2397,,,
ea1a283652c74124a560917716dd9cc7,,,
889fdefff7c84aa8b70df9e38c658a78,,,
ae89615aab514655bd134883922b319d,,,
18d7416243ac43c493bd90aa27c61b74,,,
a048be5f03e54bafbbc3cb55b1c97a9f,,,
eca84b5c63d243e0b7b13b703875d869,,,
966a3e9724b64416bef0ef3cff03763c,,,
f156897812a04bff8952754f511d1115,,,
acd789739a874bee84928ea71dfa4ed3,,,
ab46f20fbc984ca794dde0d95d48bd1c,,,
b904684ad30b497b9c585dcdb6cbd869,,,
b6c1271deb5a463485cbbb87066e592f,,,
43876993540f4b13a4f49338e15911bf,,,
618cf394bcaa49f2a0a2f72fe7c0e88c,,,
a0cbf9ffc16c499f87ecb885d7bf7d3f,,,
69a006a1d2fe4be3b0af1d7da94ec683,,,
2f29a33ea5b24042baabdef3038fcc87,,,
4de921e9a36c4e87baa71e9099a52cfc,,,
f2c4367d8f1f4502931832da69776bc4,,,
519489022d2c4653b5726946ecdef572,,,
4dc43281f2a543d99411ca708dbd6f59,,,
1d1b0236053142fe9da22f4a92edbaf2,,,
9f134cacc5fe493e8fd9daa2464c3efc,,,
6c46f07779744b53945021408a5c0807,,,
6e1590d2bafc4879be055c017d413527,,,
e34716941cde436eb2c78943593cf3f4,,,
92de1c45822e4104b4f02ecad553d678,,,
5e9759ad32a34e918e8b533228b77599,,,
a3b92fa4bc6d46eba9ee4ed88140bab1,,,
4a86448b21d74aeb9c5b7f940fe9b800,,,
7bd4b67ca78d4356abbc80e679a7ee8c,,,
45f05f232d3a4f6bba70f4d90f98a978,,,
d6dcbc1b4db5410b8e0b17b12dcb25fe,,,
1c18efcccb2e4ac09137f5d0856e8f86,,,
d2cdda48cd5240d6afb3a0448bec1965,,,
e3911d68e0fa40219f3bd096470cf7e9,,,
97494336698d402792e72cb0609f27bd,,,
d8d13cf10bf44f21a9f23c5183db8c27,,,
892e75e941b5425d918613fda34e4d1d,,,
ac8e426fb0124c108cb26a5121b21965,,,
f27feeeb7df04ccc837eb7638f6218de,,,
d931bd6aa10e4c46baea1ff001012241,,,
39dcf736483e45148cbdbfedff091bbe,,,
a5656e130c274e38a836461ffb45b7dd,,,
399d918338d54dd8b899fb812fbd4f5a,,,
db731289696a4c14b1110159a22edf8f,,,
16d0acebaf89405b8d4c1fc4074c44c3,,,
368f4bf408a842d5a1fd8b808cefec89,,,
d944e0bf437f48ff95afd7b73298eda8,,,
9131f8bbd297469e9ac25def774ab4dd,,,
aad0ff36b3684d2da52fc4671e6eb327,,,
88e037676c394aa39a6b573644188140,,,
867fed107f124e539f376626b294a787,,,
b247e44058b4494e9de45a3b385be3b3,,,
b60e63f150034acbabd32dc9ef8563de,,,
6cb920559f844943978be6d92d678d68,,,
d776424b75a84503a6483fd3f29045b7,,,
b46578a0341e41be8aaad6456f20ee3e,,,
8c281178b87f4a37ab4911d61bcdc999,,,
4ddd20e5571846289d17280ac7bf5d2a,,,
948a614c16f946588c75b2a64dc352a2,,,
1614dd0534634b33aa8a743fbbf755c9,,,
f73a8e88cad34782a590afd834146eb3,,,
81b30b1802b94f14ab7f275ec93660ed,,,
84dfe6b904c74f9b81853f453f867f37,,,
986ad71ba07c43d3b3d189a6bb593942,,,
c116e88f20474d3ab86416988255568d,,,
158e49a4953f4b82b1ffc37fd45bb747,,,
2c63cc5a5cbd4dddac882b6a06ed04a9,,,
aef015efb8a54afc96b6b4d6753240b9,,,
e8f1fe7904544b98a776ad5035406edc,,,
95b362601f2240a3a13b2917760a396d,,,
eaa2ff9cf47c4d088dd5f27371ab448b,,,
bcf76e1b2da84273acdc13376b7083c8,,,
1d4e29eff5f24265aa1b04aee5bfe3c0,,,
2c1631bd2c164db2a4c1e12b992305bf,,,
0ef8b05233814d88a1f836c457d16df5,,,
9c584239c32e46d688e3fa7fb4ad551d,,,
a7725c7032ac443c8895303990d46c48,,,
5df1e4d73164418b9479e8cbb768c38c,,,
6feb9d31bc7c4a36ae551adea734a904,,,
c608a61476374fc7bc61c9e52c05266a,,,
580bd29e63e84653bf317b69beee958b,,,
e995d9c26ac54aab893eea34a0a0b390,,,
48f9554c2bad4a5fb9f182e4c661697f,,,
c7ea81548eb9461ba674f67f6fc79029,,,
a0fdf18b220c47478d4e1425b3d1931e,,,
fbedaebc1c014ce48bccf9d90a9798b9,,,
fcd7d962f54a4c37aac87e92fa482679,,,
8e973be68f3648d093c9e2d03d9e5b79,,,
fe32e412d1014d52bc87fc6cac74591d,,,
742ee4a9c49d4a2ca40fca210e9dfd07,,,
8579569391584cee9baa9f8532119a8f,,,
c8a2e2263bef4a7dbf050e82d72133ec,,,
451a45b7005643308ea6369d7c57b988,,,
e9b670345ddb4b46b4207c3aa154df64,,,
ca3eace1030644fb83345238d31dea15,,,
458d684a978d49be833b8088d4d89964,,,
a3b91594b3a34882a4fbe77bf2a80e35,,,
60e277cc88764c27b1ed38edd09159e1,,,
5c2579079e3b4e34962c04116abc8582,,,
5e367a81d3bc4e53bee1fd07e4ac4462,,,
0652becb7cf7417394ce5f2d9947d1dc,,,
7a695b7e415a4323b5c525b1b91f89c4,,,
7b5af678d2d94bfcac0fe97b2624a342,,,
baf1bd2c7a5b48b6b6d08e884709240f,,,
58ebd5fa46c145669898039a44ae5f6e,,,
c220340495f344658f0ffc1173fb1441,,,
86c7615d98984095a82870f898579f73,,,
4aa3461edf184491b1abe78c2626880c,,,
481182982a7d47af8fa8e63f677097b3,,,
35d3039d5a214afdbe500a6f630f0c30,,,
1a9384edeb6c48c29b6af8a1ef337e3a,,,
58a9b68fd36e48339bac3613091040ea,,,
b332cf1b9ae44b6894ed125ada8f5848,,,
309962800eb14a11ab642df6c018b238,,,
38b18db9a54a4a78a38f4e4b7347bcf0,,,
0218dce74a57406a9799a7649156fcb7,,,
8e19e8344810486c849893152103dd9e,,,
9f44cefd288b4850900cc7d399e48107,,,
145f8981db254b848f106e33a189cab5,,,
0a1568c53e1e4c34bd614deac6866076,,,
0611d00bcb934ccc84a227e1825919f9,,,
75df8d96b1cf4005a78e250e27b45106,,,
b88d2a03027745f68af6c96ac2c9fd5a,,,
b97406c4da2d4ea9914a93f896a789ec,,,
88d1c4714f184aff8b318f030763b696,,,
f167869a150547f495c80c6174af4392,,,
e1ff3a51bea947979a9983189e8f87ab,,,
293d7c26eff84f268a26dd24a83ad844,,,
28b6eabf4c9d4b0baa29ccc5e2ba7032,,,
474de56b627b422b9507e370837b0dfe,,,
7f4f18641d1149cf962c9a1fe3a69484,,,
a2d15d2ef9a84350a55e2fa360335b66,,,
f5345abc361747b69b9fe7092a736a69,,,
8262c68eefb14432b74dab5971073cc9,,,
49ff6f1aad9347f19a88b7fd37c634c4,,,
d639183431d94d20804cde9444201090,,,
de562a821c01485a96e1d589837baf01,,,
41c9634e85e94d059ee981dc2f554384,,,
ec89a1a0dd3541b5acdb66284b5e3fe6,,,
b4ea3ce7aaca4f15a524bda5795ac097,,,
99b4e60ad69a4bc0ab21be33990ab863,,,
ad15912a85c048219798fa72e3c42082,,,
173d4779f8a646309715f48b96c7e321,,,
2851a692e1b6475eb318e45d8dac7b19,,,
c4493b47dcf745a39904ed85c9798c4a,,,
707a1f52ee22476e891427315b9c770f,,,
fe164865636149f7ab5b1bf9f1e259d3,,,
40a127c24a934d1f957c5daa3be24029,,,
00221fb4c74b44a98dab75228d047950,,,
d4f86de24c424a4ca573e4a82df7c94f,,,
00e81106e38547e1bb8d309e1adf4c4b,,,
a2de256d8bb645cd86564fe5e408e49f,,,
5d65cf9eed854036a38658301d02cae2,,,
5883b64a125145968dfdb1b69339c871,,,
e53bed4fbe8144f8b298316ad095ecd9,,,
d682f62d729c4b828b78f733012bc079,,,
b31d32bf7bb242278e2582faea0c4b1b,,,
355bb8f07bee44e08c3b4aff87874bc7,,,
771946cd37374192b335a2c0d9931fbe,,,
69506a6419894c06b19ac65f5ac9b1db,,,
9b4af517d3d6437cb8bcafafe326ae7e,,,
b6cf71de462540d4a96aeb4466ea237c,,,
b8adfafaab7d4c31906294901a1b4124,,,
f79dd1536bde4e74b140e8fdf24e2f1e,,,
5f8ea5f99a24432b85593b7a98216abe,,,
fce6ed5170364a3a8db85c7ac00e1754,,,
fee46b754ccf4c5bad2093e9d6e1d8f9,,,
d418298c42b54a9a96947a40b9366e01,,,
0793538438ed4edd8bb865d699c23849,,,
4b499c080c0b4cfc8b09291bc55f53a3,,,
73790139bf9248f89230109595de9df0,,,
08d40fe950654611b3e80d036863d683,,,
3c861c9c79514444b877ee001975d5ed,,,
e59e2754595d4a0dba15e48e97f0ce0d,,,
178278dfb3d54e80a234a04b297ed911,,,
188a46ce27e04b76abc01ba942ccb69d,,,
442c597ae07e435f98021c837164d238,,,
d6921a7b9044409aabe3c154fc5cb21d,,,
f96c531eb2df4b8eac3a5e54d6d142f5,,,
7953b35ef92345ecb20fb82c0f4c6aea,,,
dc7ddd13598e4f4cab435b7eeb81365a,,,
da5364e67f864bb381e83cf60bb3d8ec,,,
8f84a276a97742cdb912e3deb1d4f512,,,
e4b04fdf987a491783bf9d47ff5d980f,,,
2a023ed278574fa385ee4d08c5b392e8,,,
df300edbf4ef4a6f83adf1e7132bfb00,,,
4917cbe1cf834383907674ce771986dd,,,
4e99abae8a4b430cb3d496ecf429751b,,,
2f06a61fe9d446b0887256ef981a1c88,,,
238c9dc3745b4056b703157d2d31ae76,,,
06a0b31ab5774d15a9f4cdd274c94806,,,
14ba90e5a74f493d9301f086d3009281,,,
6c933870709b4ba789b8e6d43ee30ac1,,,
67f5797a1339446ebef8b83d9ccd526b,,,
ffe14358f8ce44b6bc201341e7dc8bfe,,,
ba60786a819743929bce5fff31376bfe,,,
2e9eed419b644b23b1ba8ddf990ef381,,,
8b7db210febe4aae8629c20a701eced4,,,
0dd7e306d63a41f8b07e408d09fd7125,,,
d2e78236a1b54f41bf2e115a779a966f,,,
be34bb6cc10b47bdadaf1413204421bd,,,
157e2a073c1b4887ae8b8479e64e7dfd,,,
495e835bbb214120958dbcd730f48fb5,,,
e23680d85fea47d4abe4b8b94e8145b4,,,
07adc6bf9ad54d82ae8ea42a18dda748,,,
b3bf234c4ae342edac852f67b131ced3,,,
890362bf325c47719d947f1e2039fdc8,,,
6f40c3bc6d4b418080d22b24294528bb,,,
39ea8b83fe5145ab815a6fd6f62cba14,,,
1c775f40e58a41b4aa202bb34b09d267,,,
81dcc592725941549d9c75d824e3584c,,,
a22c5e7db85b4c7fb07f80d1bf044ed0,,,
6de1894b6e3a40fba4b5c488542fbde6,,,
de8ceaddccb74c279368c508ba1fecaf,,,
564f01a5fe87496db9e2dd627d44ae55,,,
2114f88ae529489c8aa4da32cbdbf074,,,
63410d966b14492586af5c68c2e42a74,,,
4f9d0883acd648b0bb0f9f0b42c65410,,,
aae50661b3674a12ba548374e15869ee,,,
3ca8e0a08238455abc711913cf81f936,,,
4bb25dc7ceb64a02b02290d0ea01da4d,,,
447fdb1e91324d73aa801a3269c56233,,,
84e97bd156124ad38cee46be3a631db2,,,
d0d7109694d64de5a5c8e41c91f9f6af,,,
778fa4f6b3114b9d832542aaaca8714e,,,
4fb1e428535f44e0a5c54ee178101c76,,,
4a329ac3bc4b460fb44060bc96cd6f91,,,
798a5542100b4ed49a18917b16ff5317,,,
5c4b382923ce4aa3b024f623d7f206fc,,,
627f0c81d0144a84b559d7e37bdebac8,,,
2a8ca9a0e7a74634a34ca83ab3e1ce89,,,
8308b0e4da0442e9a02590d4065a5cc5,,,
e9fda086bb4d4778b7ff2d485a2e9f22,,,
fc563e5ec1ce4ca89bccfc2db3c96aa2,,,
720adfc35b9e491a9adaf7f58b06360a,,,
dea6de06ac9443d7b9976c2135d4ff50,,,
46e8d188edfe46c3907552d25a9a2539,,,
99e9b2015dc54d77ab68df82657e5b1e,,,
7d2b9cbf7e7e421b946750ca463ad4a2,,,
983054db93394c71b946e96048ed4886,,,
f3d337e98ebc499e924fac73052324fb,,,
c590a1c50e05493c877e8dfe8ff5fcf2,,,
f6b5dfba1fca482f9908403d115cee40,,,
7e3da5c67d0a457796a009bbcfc3f4d8,,,
2fe277e6ff764921bff732a4b434f232,,,
bf1317366b1f4123844ecd51bef00c6d,,,
0bb2525bdd734bf69d5a7b2b051928ad,,,
0568746295de4aa5886a38ad811be600,,,
5fcfa11fcb114c6e9c8f88b2ff953d72,,,
9196c64e25cb4a979e96229e699df25c,,,
e8fc1b4aeb73448fae829c4e71be45cb,,,
6419b8a1fc004446b4adf705433b7f51,,,
10d39b5425084632a50cc7ab0b52fd92,,,
7474e55fdf8b40d3be5a7f0415de51ee,,,
02bf25719a3848e2b04d87f16ad94012,,,
88fcd1c8fb604cb6a4ac8202d3a3b974,,,
9be0782ba27c4fb0874591d37f6d4338,,,
a0ffb6b3da0648bc928361e8deec3093,,,
022a46a47f70497badb519b86f7d0dfa,,,
95ae7e51b690417e854c858c05eb56c9,,,
139712304c1f47fba211627943528bcd,,,
92f6f0dd0b3e45919ab720a9a5330c6f,,,
ffb2cf930d4840329b664e1fb0bcd7f9,,,
6837bbe9a0cd466d91c99e3e4c720bcb,,,
9ac792db0d464cd49b1e581569af61ab,,,
d9644d34a429478ebe27fb6eeb9bfc86,,,
ac6b404a2dba41fea1dfef1d85581d78,,,
a9ee85a160024687840c9228bd369343,,,
9030f2fbd8414e04a3b2c7e00948e9b9,,,
3ed836561a38480798e6f06a05d58c17,,,
63c33602ce274b35ab9d17bfd3a23397,,,
5ea9aae5bcb84e47bd72417b3c7658d5,,,
4d2ddf301f0b43cfba62556b8be4d00d,,,
47424d5901514eadb45da9ee7bf139e3,,,
857520b3aed34343971eed4d4b167f10,,,
63e868156b774edcbffc79948b137a52,,,
28b6eabf4c9d4b0baa29ccc5e2ba7032,,,
a576e290803b44f7a2930f0191d4bc1e,,,
0e17563510fb41869a6f2a7f5f2c5f7a,,,
8e9479dd4dba4dbf9e20ac5f0e34e935,,,
7b5cee07b76c4bbcb1bcc80cd8d8aaa3,,,
7c5617f22fc545af8e8d1a2cefb9101e,,,
bf12d9371a0744dd8be2e357320e4e0c,,,
4c91a8ce412f415b94e9e8c71bc27cbc,,,
2a406f9690b44adbadfe5bf18de596d6,,,
eabe1ba73c7644c0bdcad49492c9e699,,,
6db868d8d59b45f79b53c525a3941c58,,,
cc67a837bac94759b3df98df26c8256f,,,
41fe567b5d654713987fd8169a890e35,,,
68bcb07874f8416983fca96e10e92e79,,,
c980ea2036414f4d94f8512aadff8104,,,
5ff96cf9024c46c3b4353d618e3b8a00,,,
64c4edefbe0c4cd297bc15f3035bcdbe,,,
5cd5f76f8e664a98addf4a21a888f043,,,
b94157fec40c4c55ba4702f6bfaa82a3,,,
542e6baa2eb94545b3cd7b2d1dce6443,,,
705deb3e0e6f4f418efc29465599e2dd,,,
52be578a0f3a4e0bb2b2ce8dc4e6c109,,,
7c83fa86ffd049f4a3732e7fdd6ca7b6,,,
c5522138a1fc412aa7d8317b067e30fe,,,
fa6247bf75c44f67bd76da15141d6a12,,,
345ca59979b2493889ffefee78895a17,,,
45ff322ab1d6418f9a18695daf53bd68,,,
fb6de21e06e946f687d289f9b64cea99,,,
41ab60dcbb45479fabc9bedb5bd78cc3,,,
9e6ed75b6de94da0979b55ef3032e80b,,,
334d23d18f9f4af38f38a0806508a326,,,
472cceee5a224ff6933e7baf31d16641,,,
e60e6a3643be43c2bc6139a2d769eefc,,,
088b8137159c4e99ac979d81e0746486,,,
4f52b3f0c65e48b58c7b0a454b732552,,,
12e7ebddfe1b4f7b9e3579f2b9ba372c,,,
dbc5c47b47064790b4a99b1daa15edf2,,,
